ROA,ROE,capital_adequacy_ratio,npl_ratio,loan_to_deposit_ratio,net_interest_margin,cost_to_income_ratio,cluster_label
1.2009173923192091,11.947142243231628,16.444258262029578,0.07421398396556955,76.32598210151984,4.54527194044728,52.045040652121784,Elevated Risk
0.0,10.75,0.0,1.5396458814472698,4672.51732101617,4.428807767293822,49.50083194675541,High Risk
-17.701955935845483,-192.23,387.265612261536,0.0344224797077778,-1.4210854715202004e-14,40.91641782175276,-7060.552016985136,Low Risk
380.04545518184403,1446.77,337.09956709956714,0.4,7.584000000000003,3.593800801994148,15.792476129662937,Low Risk
