feature,importance
capital_adequacy_ratio,0.8316565932123774
ROA,0.0641268041807814
ROE,0.047515661657408295
npl_ratio,0.037889245930154226
cost_to_income_ratio,0.010029064347372598
loan_to_deposit_ratio,0.00504062572058451
net_interest_margin,0.003742004951321567
