feature,importance
capital_adequacy_ratio,0.7016778700178022
ROA,0.09276837064254838
ROE,0.07457194299585762
cost_to_income_ratio,0.04729298515965478
loan_to_deposit_ratio,0.044240785782371055
net_interest_margin,0.039448045401765906
npl_ratio,2.3589212489632995e-18
